--
-- PostgreSQL database dump
--

-- Dumped from database version 12.22 (Ubuntu 12.22-0ubuntu0.20.04.4)
-- Dumped by pg_dump version 12.22 (Ubuntu 12.22-0ubuntu0.20.04.4)

SET statement_timeout = 0;
SET lock_timeout = 0;
SET idle_in_transaction_session_timeout = 0;
SET client_encoding = 'UTF8';
SET standard_conforming_strings = on;
SELECT pg_catalog.set_config('search_path', '', false);
SET check_function_bodies = false;
SET xmloption = content;
SET client_min_messages = warning;
SET row_security = off;

DROP DATABASE universe;
--
-- Name: universe; Type: DATABASE; Schema: -; Owner: freecodecamp
--

CREATE DATABASE universe WITH TEMPLATE = template0 ENCODING = 'UTF8' LC_COLLATE = 'C.UTF-8' LC_CTYPE = 'C.UTF-8';


ALTER DATABASE universe OWNER TO freecodecamp;

\connect universe

SET statement_timeout = 0;
SET lock_timeout = 0;
SET idle_in_transaction_session_timeout = 0;
SET client_encoding = 'UTF8';
SET standard_conforming_strings = on;
SELECT pg_catalog.set_config('search_path', '', false);
SET check_function_bodies = false;
SET xmloption = content;
SET client_min_messages = warning;
SET row_security = off;

SET default_tablespace = '';

SET default_table_access_method = heap;

--
-- Name: galaxy; Type: TABLE; Schema: public; Owner: freecodecamp
--

CREATE TABLE public.galaxy (
    galaxy_id integer NOT NULL,
    name character varying(100) NOT NULL,
    galaxy_type character varying(50) NOT NULL,
    age_in_millions_of_years integer NOT NULL,
    is_spherical boolean NOT NULL,
    description text
);


ALTER TABLE public.galaxy OWNER TO freecodecamp;

--
-- Name: galaxy_galaxy_id_seq; Type: SEQUENCE; Schema: public; Owner: freecodecamp
--

CREATE SEQUENCE public.galaxy_galaxy_id_seq
    AS integer
    START WITH 1
    INCREMENT BY 1
    NO MINVALUE
    NO MAXVALUE
    CACHE 1;


ALTER TABLE public.galaxy_galaxy_id_seq OWNER TO freecodecamp;

--
-- Name: galaxy_galaxy_id_seq; Type: SEQUENCE OWNED BY; Schema: public; Owner: freecodecamp
--

ALTER SEQUENCE public.galaxy_galaxy_id_seq OWNED BY public.galaxy.galaxy_id;


--
-- Name: moon; Type: TABLE; Schema: public; Owner: freecodecamp
--

CREATE TABLE public.moon (
    moon_id integer NOT NULL,
    name character varying(100) NOT NULL,
    planet_id integer NOT NULL,
    is_spherical boolean NOT NULL,
    distance_from_planet integer NOT NULL,
    has_atmosphere boolean NOT NULL
);


ALTER TABLE public.moon OWNER TO freecodecamp;

--
-- Name: moon_moon_id_seq; Type: SEQUENCE; Schema: public; Owner: freecodecamp
--

CREATE SEQUENCE public.moon_moon_id_seq
    AS integer
    START WITH 1
    INCREMENT BY 1
    NO MINVALUE
    NO MAXVALUE
    CACHE 1;


ALTER TABLE public.moon_moon_id_seq OWNER TO freecodecamp;

--
-- Name: moon_moon_id_seq; Type: SEQUENCE OWNED BY; Schema: public; Owner: freecodecamp
--

ALTER SEQUENCE public.moon_moon_id_seq OWNED BY public.moon.moon_id;


--
-- Name: planet; Type: TABLE; Schema: public; Owner: freecodecamp
--

CREATE TABLE public.planet (
    planet_id integer NOT NULL,
    name character varying(100) NOT NULL,
    star_id integer NOT NULL,
    has_life boolean NOT NULL,
    age_in_millions_of_years integer NOT NULL,
    distance_from_star integer,
    is_spherical boolean NOT NULL
);


ALTER TABLE public.planet OWNER TO freecodecamp;

--
-- Name: planet_planet_id_seq; Type: SEQUENCE; Schema: public; Owner: freecodecamp
--

CREATE SEQUENCE public.planet_planet_id_seq
    AS integer
    START WITH 1
    INCREMENT BY 1
    NO MINVALUE
    NO MAXVALUE
    CACHE 1;


ALTER TABLE public.planet_planet_id_seq OWNER TO freecodecamp;

--
-- Name: planet_planet_id_seq; Type: SEQUENCE OWNED BY; Schema: public; Owner: freecodecamp
--

ALTER SEQUENCE public.planet_planet_id_seq OWNED BY public.planet.planet_id;


--
-- Name: planet_type; Type: TABLE; Schema: public; Owner: freecodecamp
--

CREATE TABLE public.planet_type (
    planet_type_id integer NOT NULL,
    name character varying(50) NOT NULL,
    description text NOT NULL,
    supports_life boolean NOT NULL
);


ALTER TABLE public.planet_type OWNER TO freecodecamp;

--
-- Name: planet_type_planet_type_id_seq; Type: SEQUENCE; Schema: public; Owner: freecodecamp
--

CREATE SEQUENCE public.planet_type_planet_type_id_seq
    AS integer
    START WITH 1
    INCREMENT BY 1
    NO MINVALUE
    NO MAXVALUE
    CACHE 1;


ALTER TABLE public.planet_type_planet_type_id_seq OWNER TO freecodecamp;

--
-- Name: planet_type_planet_type_id_seq; Type: SEQUENCE OWNED BY; Schema: public; Owner: freecodecamp
--

ALTER SEQUENCE public.planet_type_planet_type_id_seq OWNED BY public.planet_type.planet_type_id;


--
-- Name: star; Type: TABLE; Schema: public; Owner: freecodecamp
--

CREATE TABLE public.star (
    star_id integer NOT NULL,
    name character varying(100) NOT NULL,
    galaxy_id integer NOT NULL,
    age_in_millions_of_years integer NOT NULL,
    distance_from_earth numeric(10,2),
    is_spherical boolean NOT NULL
);


ALTER TABLE public.star OWNER TO freecodecamp;

--
-- Name: star_star_id_seq; Type: SEQUENCE; Schema: public; Owner: freecodecamp
--

CREATE SEQUENCE public.star_star_id_seq
    AS integer
    START WITH 1
    INCREMENT BY 1
    NO MINVALUE
    NO MAXVALUE
    CACHE 1;


ALTER TABLE public.star_star_id_seq OWNER TO freecodecamp;

--
-- Name: star_star_id_seq; Type: SEQUENCE OWNED BY; Schema: public; Owner: freecodecamp
--

ALTER SEQUENCE public.star_star_id_seq OWNED BY public.star.star_id;


--
-- Name: galaxy galaxy_id; Type: DEFAULT; Schema: public; Owner: freecodecamp
--

ALTER TABLE ONLY public.galaxy ALTER COLUMN galaxy_id SET DEFAULT nextval('public.galaxy_galaxy_id_seq'::regclass);


--
-- Name: moon moon_id; Type: DEFAULT; Schema: public; Owner: freecodecamp
--

ALTER TABLE ONLY public.moon ALTER COLUMN moon_id SET DEFAULT nextval('public.moon_moon_id_seq'::regclass);


--
-- Name: planet planet_id; Type: DEFAULT; Schema: public; Owner: freecodecamp
--

ALTER TABLE ONLY public.planet ALTER COLUMN planet_id SET DEFAULT nextval('public.planet_planet_id_seq'::regclass);


--
-- Name: planet_type planet_type_id; Type: DEFAULT; Schema: public; Owner: freecodecamp
--

ALTER TABLE ONLY public.planet_type ALTER COLUMN planet_type_id SET DEFAULT nextval('public.planet_type_planet_type_id_seq'::regclass);


--
-- Name: star star_id; Type: DEFAULT; Schema: public; Owner: freecodecamp
--

ALTER TABLE ONLY public.star ALTER COLUMN star_id SET DEFAULT nextval('public.star_star_id_seq'::regclass);


--
-- Data for Name: galaxy; Type: TABLE DATA; Schema: public; Owner: freecodecamp
--

INSERT INTO public.galaxy VALUES (1, 'Milky Way', 'Spiral', 13600, true, 'Our home galaxy');
INSERT INTO public.galaxy VALUES (2, 'Andromeda', 'Spiral', 10000, true, 'Nearest major galaxy');
INSERT INTO public.galaxy VALUES (3, 'Triangulum', 'Spiral', 12000, true, 'Member of Local Group');
INSERT INTO public.galaxy VALUES (4, 'Whirlpool', 'Spiral', 8000, true, 'Interacting galaxy');
INSERT INTO public.galaxy VALUES (5, 'Sombrero', 'Elliptical', 9000, true, 'Bright nucleus');
INSERT INTO public.galaxy VALUES (6, 'Cartwheel', 'Ring', 7000, false, 'Ring-shaped galaxy');


--
-- Data for Name: moon; Type: TABLE DATA; Schema: public; Owner: freecodecamp
--

INSERT INTO public.moon VALUES (1, 'Moon', 3, true, 384, false);
INSERT INTO public.moon VALUES (2, 'Phobos', 4, false, 9, false);
INSERT INTO public.moon VALUES (3, 'Deimos', 4, false, 23, false);
INSERT INTO public.moon VALUES (4, 'Io', 5, true, 422, true);
INSERT INTO public.moon VALUES (5, 'Europa', 5, true, 671, true);
INSERT INTO public.moon VALUES (6, 'Ganymede', 5, true, 1070, true);
INSERT INTO public.moon VALUES (7, 'Callisto', 5, true, 1883, true);
INSERT INTO public.moon VALUES (8, 'Titan', 6, true, 1222, true);
INSERT INTO public.moon VALUES (9, 'Enceladus', 6, true, 238, true);
INSERT INTO public.moon VALUES (10, 'Mimas', 6, true, 185, false);
INSERT INTO public.moon VALUES (11, 'Triton', 8, true, 355, true);
INSERT INTO public.moon VALUES (12, 'Oberon', 7, true, 583, false);
INSERT INTO public.moon VALUES (13, 'Titania', 7, true, 436, false);
INSERT INTO public.moon VALUES (14, 'Miranda', 7, true, 130, false);
INSERT INTO public.moon VALUES (15, 'Ariel', 7, true, 191, false);
INSERT INTO public.moon VALUES (16, 'Umbriel', 7, true, 266, false);
INSERT INTO public.moon VALUES (17, 'Charon', 3, true, 19591, false);
INSERT INTO public.moon VALUES (18, 'Nix', 3, false, 48694, false);
INSERT INTO public.moon VALUES (19, 'Hydra', 3, false, 64738, false);
INSERT INTO public.moon VALUES (20, 'Kerberos', 3, false, 57783, false);


--
-- Data for Name: planet; Type: TABLE DATA; Schema: public; Owner: freecodecamp
--

INSERT INTO public.planet VALUES (1, 'Mercury', 1, false, 4500, 58, true);
INSERT INTO public.planet VALUES (2, 'Venus', 1, false, 4500, 108, true);
INSERT INTO public.planet VALUES (3, 'Earth', 1, true, 4500, 150, true);
INSERT INTO public.planet VALUES (4, 'Mars', 1, false, 4500, 228, true);
INSERT INTO public.planet VALUES (5, 'Jupiter', 1, false, 4500, 778, true);
INSERT INTO public.planet VALUES (6, 'Saturn', 1, false, 4500, 1427, true);
INSERT INTO public.planet VALUES (7, 'Uranus', 1, false, 4500, 2871, true);
INSERT INTO public.planet VALUES (8, 'Neptune', 1, false, 4500, 4495, true);
INSERT INTO public.planet VALUES (9, 'Proxima b', 2, false, 4800, 7, true);
INSERT INTO public.planet VALUES (10, 'Sirius b', 3, false, 300, 20, true);
INSERT INTO public.planet VALUES (11, 'Rigel I', 5, false, 8000, 500, true);
INSERT INTO public.planet VALUES (12, 'Vega I', 6, false, 455, 60, true);


--
-- Data for Name: planet_type; Type: TABLE DATA; Schema: public; Owner: freecodecamp
--

INSERT INTO public.planet_type VALUES (1, 'Terrestrial', 'Rocky planet with solid surface', true);
INSERT INTO public.planet_type VALUES (2, 'Gas Giant', 'Large planet made mostly of gas', false);
INSERT INTO public.planet_type VALUES (3, 'Ice Giant', 'Planet composed of ice and gas', false);


--
-- Data for Name: star; Type: TABLE DATA; Schema: public; Owner: freecodecamp
--

INSERT INTO public.star VALUES (1, 'Sun', 1, 4600, 0.00, true);
INSERT INTO public.star VALUES (2, 'Proxima Centauri', 1, 4800, 4.24, true);
INSERT INTO public.star VALUES (3, 'Sirius', 1, 300, 8.60, true);
INSERT INTO public.star VALUES (4, 'Betelgeuse', 1, 10000, 642.50, true);
INSERT INTO public.star VALUES (5, 'Rigel', 1, 8000, 860.00, true);
INSERT INTO public.star VALUES (6, 'Vega', 1, 455, 25.00, true);


--
-- Name: galaxy_galaxy_id_seq; Type: SEQUENCE SET; Schema: public; Owner: freecodecamp
--

SELECT pg_catalog.setval('public.galaxy_galaxy_id_seq', 6, true);


--
-- Name: moon_moon_id_seq; Type: SEQUENCE SET; Schema: public; Owner: freecodecamp
--

SELECT pg_catalog.setval('public.moon_moon_id_seq', 20, true);


--
-- Name: planet_planet_id_seq; Type: SEQUENCE SET; Schema: public; Owner: freecodecamp
--

SELECT pg_catalog.setval('public.planet_planet_id_seq', 12, true);


--
-- Name: planet_type_planet_type_id_seq; Type: SEQUENCE SET; Schema: public; Owner: freecodecamp
--

SELECT pg_catalog.setval('public.planet_type_planet_type_id_seq', 3, true);


--
-- Name: star_star_id_seq; Type: SEQUENCE SET; Schema: public; Owner: freecodecamp
--

SELECT pg_catalog.setval('public.star_star_id_seq', 6, true);


--
-- Name: galaxy galaxy_name_key; Type: CONSTRAINT; Schema: public; Owner: freecodecamp
--

ALTER TABLE ONLY public.galaxy
    ADD CONSTRAINT galaxy_name_key UNIQUE (name);


--
-- Name: galaxy galaxy_pkey; Type: CONSTRAINT; Schema: public; Owner: freecodecamp
--

ALTER TABLE ONLY public.galaxy
    ADD CONSTRAINT galaxy_pkey PRIMARY KEY (galaxy_id);


--
-- Name: moon moon_name_key; Type: CONSTRAINT; Schema: public; Owner: freecodecamp
--

ALTER TABLE ONLY public.moon
    ADD CONSTRAINT moon_name_key UNIQUE (name);


--
-- Name: moon moon_pkey; Type: CONSTRAINT; Schema: public; Owner: freecodecamp
--

ALTER TABLE ONLY public.moon
    ADD CONSTRAINT moon_pkey PRIMARY KEY (moon_id);


--
-- Name: planet planet_name_key; Type: CONSTRAINT; Schema: public; Owner: freecodecamp
--

ALTER TABLE ONLY public.planet
    ADD CONSTRAINT planet_name_key UNIQUE (name);


--
-- Name: planet planet_pkey; Type: CONSTRAINT; Schema: public; Owner: freecodecamp
--

ALTER TABLE ONLY public.planet
    ADD CONSTRAINT planet_pkey PRIMARY KEY (planet_id);


--
-- Name: planet_type planet_type_name_key; Type: CONSTRAINT; Schema: public; Owner: freecodecamp
--

ALTER TABLE ONLY public.planet_type
    ADD CONSTRAINT planet_type_name_key UNIQUE (name);


--
-- Name: planet_type planet_type_pkey; Type: CONSTRAINT; Schema: public; Owner: freecodecamp
--

ALTER TABLE ONLY public.planet_type
    ADD CONSTRAINT planet_type_pkey PRIMARY KEY (planet_type_id);


--
-- Name: star star_name_key; Type: CONSTRAINT; Schema: public; Owner: freecodecamp
--

ALTER TABLE ONLY public.star
    ADD CONSTRAINT star_name_key UNIQUE (name);


--
-- Name: star star_pkey; Type: CONSTRAINT; Schema: public; Owner: freecodecamp
--

ALTER TABLE ONLY public.star
    ADD CONSTRAINT star_pkey PRIMARY KEY (star_id);


--
-- Name: moon moon_planet_id_fkey; Type: FK CONSTRAINT; Schema: public; Owner: freecodecamp
--

ALTER TABLE ONLY public.moon
    ADD CONSTRAINT moon_planet_id_fkey FOREIGN KEY (planet_id) REFERENCES public.planet(planet_id);


--
-- Name: planet planet_star_id_fkey; Type: FK CONSTRAINT; Schema: public; Owner: freecodecamp
--

ALTER TABLE ONLY public.planet
    ADD CONSTRAINT planet_star_id_fkey FOREIGN KEY (star_id) REFERENCES public.star(star_id);


--
-- Name: star star_galaxy_id_fkey; Type: FK CONSTRAINT; Schema: public; Owner: freecodecamp
--

ALTER TABLE ONLY public.star
    ADD CONSTRAINT star_galaxy_id_fkey FOREIGN KEY (galaxy_id) REFERENCES public.galaxy(galaxy_id);


--
-- PostgreSQL database dump complete
--

